,task,product,work_type,assignee,closed_at,time_spent,cost_per_hour
0,TECHSUP-101,Умная колонка EchoMini,техподдержка,a7x9,2025-11-12T10:35:18,1.5,60
1,TECHSUP-102,Приложение-ежедневник DayNote,техподдержка,m1ra,2025-11-13T16:12:44,2.0,60
2,TECHSUP-103,Веб-документация DocHub,техподдержка,q2w3,2025-11-15T12:08:05,0.8,60
3,DEVLEAD-21,Панель мониторинга CloudPulse,планирование,s1gma,2025-11-18T09:40:00,4.5,110
4,DEVLEAD-22,Приложение-ежедневник DayNote,планирование,s1gma,2025-11-25T18:05:12,3.0,110
5,DEVTOOLS-301,Панель мониторинга CloudPulse,автоматизация,dev0n,2025-11-20T14:22:31,6.0,90
6,DEVTOOLS-302,Веб-документация DocHub,автоматизация,zeta5,2025-11-27T11:01:09,3.5,90
7,FEATURE-501,Приложение-ежедневник DayNote,разработка,k0t3,2025-11-22T19:45:50,12.0,95
8,FEATURE-502,Умная колонка EchoMini,разработка,r4nd0,2025-11-29T17:10:02,9.5,95
9,FEATURE-503,Веб-документация DocHub,разработка,k0t3,2025-12-03T13:33:21,7.0,95
10,INFRA-71,Панель мониторинга CloudPulse,инфра,zeta5,2025-11-24T08:55:37,5.0,100
11,INFRA-72,Приложение-ежедневник DayNote,инфра,r4nd0,2025-12-01T22:14:06,2.5,100
12,TECHSUP-104,Панель мониторинга CloudPulse,техподдержка,a7x9,2025-12-02T10:02:48,1.2,60
13,FEATURE-504,Панель мониторинга CloudPulse,разработка,dev0n,2025-12-05T16:48:30,10.0,95
14,FEATURE-505,Умная колонка EchoMini,багфикс,m1ra,2025-12-06T12:20:11,4.0,80
15,FEATURE-506,Веб-документация DocHub,багфикс,q2w3,2025-12-08T09:17:03,2.2,80
16,DEVTOOLS-303,Умная колонка EchoMini,автоматизация,dev0n,2025-12-09T20:05:49,5.5,90
17,DEVLEAD-23,Веб-документация DocHub,планирование,s1gma,2025-12-10T15:30:00,2.5,110
18,INFRA-73,Панель мониторинга CloudPulse,инфра,zeta5,2025-12-11T07:41:20,8.0,100
19,FEATURE-507,Приложение-ежедневник DayNote,тестирование,m1ra,2025-12-12T18:12:59,3.5,70
20,FEATURE-508,Панель мониторинга CloudPulse,тестирование,q2w3,2025-12-13T14:06:10,4.2,70
21,TECHSUP-105,Умная колонка EchoMini,техподдержка,a7x9,2025-12-14T11:25:33,0.6,60
22,FEATURE-509,Умная колонка EchoMini,разработка,k0t3,2025-12-16T21:09:42,11.0,95
23,FEATURE-510,Веб-документация DocHub,разработка,r4nd0,2025-12-18T17:58:27,6.5,95
24,INFRA-74,Веб-документация DocHub,инфра,zeta5,2025-12-20T06:30:55,3.0,100
25,DEVTOOLS-304,Приложение-ежедневник DayNote,автоматизация,dev0n,2025-12-21T13:44:00,4.0,90
26,DEVLEAD-24,Умная колонка EchoMini,планирование,s1gma,2025-12-23T10:00:00,5.0,110
27,FEATURE-511,Панель мониторинга CloudPulse,багфикс,q2w3,2025-12-24T19:22:13,3.3,80
28,FEATURE-512,Приложение-ежедневник DayNote,багфикс,m1ra,2025-12-26T12:03:40,2.7,80
29,TECHSUP-106,Веб-документация DocHub,техподдержка,a7x9,2025-12-27T15:47:26,1.0,60
30,INFRA-75,Панель мониторинга CloudPulse,инфра,r4nd0,2025-12-29T23:10:07,6.2,100
31,FEATURE-513,Умная колонка EchoMini,тестирование,m1ra,2026-01-03T13:15:18,5.0,70
32,DEVTOOLS-305,Панель мониторинга CloudPulse,автоматизация,zeta5,2026-01-05T09:28:54,7.0,90
33,DEVLEAD-25,Приложение-ежедневник DayNote,планирование,s1gma,2026-01-06T18:20:00,3.5,110
34,FEATURE-514,Веб-документация DocHub,разработка,k0t3,2026-01-08T20:40:16,8.5,95
35,TECHSUP-107,Панель мониторинга CloudPulse,техподдержка,q2w3,2026-01-10T11:11:11,2.3,60
36,INFRA-76,Умная колонка EchoMini,инфра,zeta5,2026-01-12T05:55:42,4.8,100
37,FEATURE-515,Приложение-ежедневник DayNote,разработка,dev0n,2026-01-13T17:36:09,13.0,95
38,FEATURE-516,Панель мониторинга CloudPulse,багфикс,r4nd0,2026-01-14T22:08:33,4.6,80
39,TECHSUP-108,Приложение-ежедневник DayNote,техподдержка,nova9,2026-01-15T09:14:22,1.1,60
40,FEATURE-517,Веб-документация DocHub,разработка,loki8,2026-01-15T18:52:40,9.0,95
41,DEVTOOLS-306,Панель мониторинга CloudPulse,автоматизация,hex22,2026-01-16T12:06:15,4.5,90
42,INFRA-77,Умная колонка EchoMini,инфра,p0lar3,2026-01-16T23:11:09,6.0,100
43,FEATURE-518,Приложение-ежедневник DayNote,багфикс,v1per7,2026-01-17T16:27:58,3.8,80
44,TECHSUP-109,Умная колонка EchoMini,техподдержка,ira2k,2026-01-18T10:40:31,0.9,60
45,DEVLEAD-26,Панель мониторинга CloudPulse,планирование,s1gma,2026-01-19T11:00:00,2.0,110
46,FEATURE-519,Панель мониторинга CloudPulse,тестирование,nova9,2026-01-19T19:35:44,4.0,70
47,DEVTOOLS-307,Веб-документация DocHub,автоматизация,b3rg5,2026-01-20T13:59:03,5.0,90
48,INFRA-78,Панель мониторинга CloudPulse,инфра,w4r1,2026-01-20T22:18:37,7.5,100
49,FEATURE-520,Умная колонка EchoMini,разработка,t3sla9,2026-01-21T20:05:26,10.5,95
50,TECHSUP-110,Веб-документация DocHub,техподдержка,a7x9,2026-01-22T09:22:05,1.7,60
51,FEATURE-521,Приложение-ежедневник DayNote,тестирование,ira2k,2026-01-22T17:41:50,3.2,70
52,FEATURE-522,Панель мониторинга CloudPulse,багфикс,r4nd0,2026-01-23T21:10:13,4.1,80
53,DEVLEAD-27,Умная колонка EchoMini,планирование,s1gma,2026-01-24T10:30:00,3.0,110
54,DEVTOOLS-308,Умная колонка EchoMini,автоматизация,hex22,2026-01-24T19:12:08,6.5,90
55,INFRA-79,Веб-документация DocHub,инфра,p0lar3,2026-01-25T06:45:20,3.7,100
56,FEATURE-523,Веб-документация DocHub,разработка,k0t3,2026-01-25T16:33:59,7.8,95
57,TECHSUP-111,Панель мониторинга CloudPulse,техподдержка,q2w3,2026-01-26T11:04:46,2.6,60
58,FEATURE-524,Умная колонка EchoMini,багфикс,v1per7,2026-01-26T20:18:02,5.2,80
59,FEATURE-525,Приложение-ежедневник DayNote,разработка,dev0n,2026-01-27T23:50:11,12.5,95
60,INFRA-80,Панель мониторинга CloudPulse,инфра,w4r1,2026-01-28T05:30:44,4.4,100
61,DEVTOOLS-309,Приложение-ежедневник DayNote,автоматизация,b3rg5,2026-01-28T15:26:30,3.0,90
62,FEATURE-526,Панель мониторинга CloudPulse,разработка,t3sla9,2026-01-29T19:08:55,8.0,95
63,TECHSUP-112,Приложение-ежедневник DayNote,техподдержка,m1ra,2026-01-30T10:12:07,1.3,60
64,DEVLEAD-28,Веб-документация DocHub,планирование,s1gma,2026-01-30T17:10:00,4.0,110
65,FEATURE-527,Веб-документация DocHub,тестирование,nova9,2026-01-31T14:22:19,2.9,70
66,FEATURE-528,Умная колонка EchoMini,разработка,loki8,2026-02-02T21:37:04,9.7,95
67,INFRA-81,Умная колонка EchoMini,инфра,p0lar3,2026-02-03T04:18:36,5.5,100
68,DEVTOOLS-310,Панель мониторинга CloudPulse,автоматизация,hex22,2026-02-03T12:40:00,4.2,90
69,FEATURE-529,Приложение-ежедневник DayNote,блокер,w4r1,2026-02-04T09:05:12,2.0,120
70,FEATURE-530,Панель мониторинга CloudPulse,блокер,t3sla9,2026-02-04T14:55:49,1.5,120
71,FEATURE-531,Веб-документация DocHub,блокер,s1gma,2026-02-04T18:30:00,1.0,120
72,TECHSUP-113,Умная колонка EchoMini,техподдержка,ira2k,2026-02-05T11:48:27,2.1,60
73,FEATURE-532,Панель мониторинга CloudPulse,багфикс,b3rg5,2026-02-06T20:16:58,3.6,80
74,INFRA-82,Веб-документация DocHub,инфра,w4r1,2026-02-07T07:12:10,6.8,100
75,DEVTOOLS-311,Веб-документация DocHub,автоматизация,dev0n,2026-02-08T13:03:41,5.8,90
76,DEVLEAD-29,Приложение-ежедневник DayNote,планирование,s1gma,2026-02-09T10:20:00,2.5,110
77,FEATURE-533,Умная колонка EchoMini,тестирование,nova9,2026-02-10T15:26:33,4.6,70
78,TECHSUP-114,Веб-документация DocHub,техподдержка,a7x9,2026-02-11T09:33:02,0.7,60
79,FEATURE-534,Приложение-ежедневник DayNote,разработка,loki8,2026-02-12T22:09:17,11.2,95
80,INFRA-83,Панель мониторинга CloudPulse,инфра,p0lar3,2026-02-13T06:58:54,4.9,100
81,FEATURE-535,Веб-документация DocHub,багфикс,v1per7,2026-02-14T16:44:28,2.4,80
82,DEVTOOLS-312,Умная колонка EchoMini,автоматизация,hex22,2026-02-15T12:25:39,3.9,90
83,TECHSUP-115,Панель мониторинга CloudPulse,техподдержка,ira2k,2026-02-16T10:10:10,1.4,60
84,TECHSUP-116,Умная колонка EchoMini,техподдержка,a7x9,2026-02-17T09:18:43,1.0,60
85,FEATURE-536,Панель мониторинга CloudPulse,разработка,t3sla9,2026-02-17T21:42:10,9.3,95
86,DEVTOOLS-313,Панель мониторинга CloudPulse,автоматизация,hex22,2026-02-18T12:30:06,4.1,90
87,INFRA-84,Приложение-ежедневник DayNote,инфра,w4r1,2026-02-18T22:58:39,6.0,100
88,FEATURE-537,Веб-документация DocHub,багфикс,b3rg5,2026-02-19T16:07:55,3.1,80
89,FEATURE-538,Умная колонка EchoMini,тестирование,nova9,2026-02-20T14:19:20,4.0,70
90,DEVLEAD-30,Панель мониторинга CloudPulse,планирование,s1gma,2026-02-20T18:10:00,2.8,110
91,TECHSUP-117,Веб-документация DocHub,техподдержка,q2w3,2026-02-21T10:05:12,2.0,60
92,FEATURE-539,Приложение-ежедневник DayNote,разработка,loki8,2026-02-21T23:33:41,10.0,95
93,INFRA-85,Панель мониторинга CloudPulse,инфра,p0lar3,2026-02-22T06:14:03,5.2,100
94,DEVTOOLS-314,Веб-документация DocHub,автоматизация,dev0n,2026-02-22T15:41:28,6.2,90
95,FEATURE-540,Умная колонка EchoMini,багфикс,v1per7,2026-02-23T19:26:37,4.4,80
96,TECHSUP-118,Приложение-ежедневник DayNote,техподдержка,ira2k,2026-02-24T09:57:02,1.6,60
97,FEATURE-541,Панель мониторинга CloudPulse,тестирование,m1ra,2026-02-24T18:22:19,3.7,70
98,INFRA-86,Умная колонка EchoMini,инфра,w4r1,2026-02-25T05:40:18,7.1,100
99,DEVLEAD-31,Веб-документация DocHub,планирование,s1gma,2026-02-25T12:00:00,3.5,110
100,FEATURE-542,Веб-документация DocHub,разработка,k0t3,2026-02-26T20:11:06,8.8,95
101,DEVTOOLS-315,Приложение-ежедневник DayNote,автоматизация,b3rg5,2026-02-27T13:05:49,4.7,90
102,TECHSUP-119,Панель мониторинга CloudPulse,техподдержка,a7x9,2026-02-27T16:32:14,0.9,60
103,FEATURE-543,Панель мониторинга CloudPulse,блокер,s1gma,2026-02-28T10:15:00,1.2,120
104,FEATURE-544,Панель мониторинга CloudPulse,багфикс,r4nd0,2026-02-28T18:49:33,3.9,80
105,INFRA-87,Панель мониторинга CloudPulse,инфра,p0lar3,2026-03-01T07:20:10,6.4,100
106,FEATURE-545,Умная колонка EchoMini,разработка,t3sla9,2026-03-02T22:01:57,12.0,95
107,TECHSUP-120,Умная колонка EchoMini,техподдержка,nova9,2026-03-03T10:44:08,1.8,60
108,DEVTOOLS-316,Умная колонка EchoMini,автоматизация,hex22,2026-03-03T17:59:25,5.3,90
109,FEATURE-546,Приложение-ежедневник DayNote,тестирование,ira2k,2026-03-04T15:12:44,4.1,70
110,FEATURE-547,Веб-документация DocHub,багфикс,v1per7,2026-03-05T12:28:19,2.8,80
111,DEVLEAD-32,Приложение-ежедневник DayNote,планирование,s1gma,2026-03-05T18:00:00,3.2,110
112,INFRA-88,Веб-документация DocHub,инфра,w4r1,2026-03-06T06:33:27,5.0,100
113,TECHSUP-121,Веб-документация DocHub,техподдержка,q2w3,2026-03-06T11:09:03,1.4,60
114,FEATURE-548,Приложение-ежедневник DayNote,разработка,loki8,2026-03-07T20:47:51,9.6,95
115,DEVTOOLS-317,Панель мониторинга CloudPulse,автоматизация,b3rg5,2026-03-08T14:36:22,4.0,90
116,FEATURE-549,Панель мониторинга CloudPulse,тестирование,m1ra,2026-03-09T16:21:40,3.3,70
117,FEATURE-550,Умная колонка EchoMini,блокер,w4r1,2026-03-10T09:30:00,2.5,120
118,TECHSUP-116,Умная колонка EchoMini,техподдержка,a7x9,2026-02-17T09:18:43,1.0,60
119,FEATURE-536,Панель мониторинга CloudPulse,разработка,t3sla9,2026-02-17T21:42:10,9.3,95
120,DEVTOOLS-313,Панель мониторинга CloudPulse,автоматизация,hex22,2026-02-18T12:30:06,4.1,90
121,INFRA-84,Приложение-ежедневник DayNote,инфра,w4r1,2026-02-18T22:58:39,6.0,100
122,FEATURE-537,Веб-документация DocHub,багфикс,b3rg5,2026-02-19T16:07:55,3.1,80
123,FEATURE-538,Умная колонка EchoMini,тестирование,nova9,2026-02-20T14:19:20,4.0,70
124,DEVLEAD-30,Панель мониторинга CloudPulse,планирование,s1gma,2026-02-20T18:10:00,2.8,110
125,TECHSUP-117,Веб-документация DocHub,техподдержка,q2w3,2026-02-21T10:05:12,2.0,60
126,FEATURE-539,Приложение-ежедневник DayNote,разработка,loki8,2026-02-21T23:33:41,10.0,95
127,INFRA-85,Панель мониторинга CloudPulse,инфра,p0lar3,2026-02-22T06:14:03,5.2,100
128,DEVTOOLS-314,Веб-документация DocHub,автоматизация,dev0n,2026-02-22T15:41:28,6.2,90
129,FEATURE-540,Умная колонка EchoMini,багфикс,v1per7,2026-02-23T19:26:37,4.4,80
130,TECHSUP-118,Приложение-ежедневник DayNote,техподдержка,ira2k,2026-02-24T09:57:02,1.6,60
131,FEATURE-541,Панель мониторинга CloudPulse,тестирование,m1ra,2026-02-24T18:22:19,3.7,70
132,INFRA-86,Умная колонка EchoMini,инфра,w4r1,2026-02-25T05:40:18,7.1,100
133,DEVLEAD-31,Веб-документация DocHub,планирование,s1gma,2026-02-25T12:00:00,3.5,110
134,FEATURE-542,Веб-документация DocHub,разработка,k0t3,2026-02-26T20:11:06,8.8,95
135,DEVTOOLS-315,Приложение-ежедневник DayNote,автоматизация,b3rg5,2026-02-27T13:05:49,4.7,90
136,TECHSUP-119,Панель мониторинга CloudPulse,техподдержка,a7x9,2026-02-27T16:32:14,0.9,60
137,FEATURE-543,Панель мониторинга CloudPulse,блокер,s1gma,2026-02-28T10:15:00,1.2,120
138,FEATURE-544,Панель мониторинга CloudPulse,багфикс,r4nd0,2026-02-28T18:49:33,3.9,80
139,INFRA-87,Панель мониторинга CloudPulse,инфра,p0lar3,2026-03-01T07:20:10,6.4,100
140,FEATURE-545,Умная колонка EchoMini,разработка,t3sla9,2026-03-02T22:01:57,12.0,95
141,TECHSUP-120,Умная колонка EchoMini,техподдержка,nova9,2026-03-03T10:44:08,1.8,60
142,DEVTOOLS-316,Умная колонка EchoMini,автоматизация,hex22,2026-03-03T17:59:25,5.3,90
143,FEATURE-546,Приложение-ежедневник DayNote,тестирование,ira2k,2026-03-04T15:12:44,4.1,70
144,FEATURE-547,Веб-документация DocHub,багфикс,v1per7,2026-03-05T12:28:19,2.8,80
145,DEVLEAD-32,Приложение-ежедневник DayNote,планирование,s1gma,2026-03-05T18:00:00,3.2,110
146,INFRA-88,Веб-документация DocHub,инфра,w4r1,2026-03-06T06:33:27,5.0,100
147,TECHSUP-121,Веб-документация DocHub,техподдержка,q2w3,2026-03-06T11:09:03,1.4,60
148,FEATURE-548,Приложение-ежедневник DayNote,разработка,loki8,2026-03-07T20:47:51,9.6,95
149,DEVTOOLS-317,Панель мониторинга CloudPulse,автоматизация,b3rg5,2026-03-08T14:36:22,4.0,90
150,FEATURE-549,Панель мониторинга CloudPulse,тестирование,m1ra,2026-03-09T16:21:40,3.3,70
151,FEATURE-550,Умная колонка EchoMini,блокер,w4r1,2026-03-10T09:30:00,2.5,120
152,TECHSUP-130,Веб-документация DocHub,техподдержка,d2k7,2025-11-16T09:05:12,1.4,60
153,TECHSUP-131,Умная колонка EchoMini,техподдержка,a7x9,2025-11-28T18:41:03,0.9,60
154,TECHSUP-132,Панель мониторинга CloudPulse,техподдержка,q2w3,2025-12-04T10:22:19,2.1,60
155,TECHSUP-133,Приложение-ежедневник DayNote,техподдержка,ira2k,2025-12-07T13:15:44,1.0,60
156,TECHSUP-134,Веб-документация DocHub,техподдержка,e1n5,2025-12-15T16:09:27,2.7,60
157,TECHSUP-135,Умная колонка EchoMini,техподдержка,nova9,2026-01-07T11:33:05,1.6,60
158,TECHSUP-136,Панель мониторинга CloudPulse,техподдержка,a7x9,2026-01-20T09:10:10,1.2,60
159,TECHSUP-137,Приложение-ежедневник DayNote,техподдержка,m1ra,2026-02-01T14:47:28,0.8,60
160,TECHSUP-138,Веб-документация DocHub,техподдержка,q2w3,2026-03-09T10:06:54,1.9,60
161,TECHSUP-139,Умная колонка EchoMini,техподдержка,d2k7,2026-04-01T09:01:12,2.0,60
162,DEVLEAD-37,Панель мониторинга CloudPulse,планирование,s1gma,2025-11-19T17:30:00,2.2,110
163,DEVLEAD-38,Веб-документация DocHub,планирование,s1gma,2025-12-19T12:00:00,3.8,110
164,DEVLEAD-39,Приложение-ежедневник DayNote,планирование,s1gma,2026-02-12T10:15:00,2.9,110
165,DEVLEAD-40,Умная колонка EchoMini,планирование,s1gma,2026-03-22T18:20:00,3.3,110
166,DEVTOOLS-325,Панель мониторинга CloudPulse,автоматизация,hex22,2025-11-26T13:11:30,4.3,90
167,DEVTOOLS-326,Веб-документация DocHub,автоматизация,dev0n,2025-12-06T15:40:55,5.0,90
168,DEVTOOLS-327,Приложение-ежедневник DayNote,автоматизация,b3rg5,2025-12-22T12:23:49,3.6,90
169,DEVTOOLS-328,Умная колонка EchoMini,автоматизация,n0mad6,2026-01-11T19:05:27,6.4,90
170,DEVTOOLS-329,Панель мониторинга CloudPulse,автоматизация,hex22,2026-01-26T11:52:10,4.8,90
171,DEVTOOLS-330,Веб-документация DocHub,автоматизация,zeta5,2026-02-09T16:45:19,3.9,90
172,DEVTOOLS-331,Приложение-ежедневник DayNote,автоматизация,dev0n,2026-03-04T14:18:02,5.7,90
173,DEVTOOLS-332,Умная колонка EchoMini,автоматизация,b3rg5,2026-04-03T12:10:41,4.2,90
174,INFRA-96,Панель мониторинга CloudPulse,инфра,p0lar3,2025-11-21T06:32:12,6.9,100
175,INFRA-97,Умная колонка EchoMini,инфра,w4r1,2025-12-09T05:18:33,5.4,100
176,INFRA-98,Веб-документация DocHub,инфра,sk1ff,2025-12-28T04:59:10,4.6,100
177,INFRA-99,Приложение-ежедневник DayNote,инфра,p0lar3,2026-01-18T07:44:09,6.1,100
178,INFRA-100,Панель мониторинга CloudPulse,инфра,w4r1,2026-02-06T06:15:54,7.3,100
179,INFRA-101,Умная колонка EchoMini,инфра,sk1ff,2026-02-26T05:05:05,5.0,100
180,INFRA-102,Веб-документация DocHub,инфра,p0lar3,2026-03-14T06:40:28,4.1,100
181,INFRA-103,Приложение-ежедневник DayNote,инфра,w4r1,2026-04-02T05:50:13,6.6,100
182,FEATURE-569,Приложение-ежедневник DayNote,разработка,k0t3,2025-11-23T20:10:05,9.4,95
183,FEATURE-570,Веб-документация DocHub,багфикс,v1per7,2025-11-30T12:55:17,3.0,80
184,FEATURE-571,Умная колонка EchoMini,разработка,loki8,2025-12-02T21:40:10,10.6,95
185,FEATURE-572,Панель мониторинга CloudPulse,багфикс,r4nd0,2025-12-10T18:33:22,4.5,80
186,FEATURE-573,Веб-документация DocHub,тестирование,nova9,2025-12-12T14:11:08,3.8,70
187,FEATURE-574,Приложение-ежедневник DayNote,блокер,w4r1,2025-12-17T09:30:00,1.6,120
188,FEATURE-575,Умная колонка EchoMini,багфикс,m1ra,2025-12-23T11:07:49,2.9,80
189,FEATURE-576,Панель мониторинга CloudPulse,разработка,t3sla9,2026-01-04T22:20:31,8.7,95
190,FEATURE-577,Веб-документация DocHub,разработка,dev0n,2026-01-09T19:43:11,7.2,95
191,FEATURE-578,Приложение-ежедневник DayNote,тестирование,ira2k,2026-01-16T16:02:45,4.9,70
192,FEATURE-579,Умная колонка EchoMini,блокер,sk1ff,2026-02-03T10:05:00,2.0,120
193,FEATURE-580,Панель мониторинга CloudPulse,багфикс,b3rg5,2026-02-08T20:14:09,3.7,80
194,FEATURE-581,Веб-документация DocHub,тестирование,e1n5,2026-02-15T15:40:40,2.8,70
195,FEATURE-582,Приложение-ежедневник DayNote,разработка,loki8,2026-03-02T23:12:08,11.1,95
196,FEATURE-583,Панель мониторинга CloudPulse,разработка,k0t3,2026-03-18T21:25:30,9.0,95
197,TECHSUP-140,Веб-документация DocHub,техподдержка,owl13,2025-11-03T10:12:08,1.3,60
198,DEVLEAD-41,Панель мониторинга CloudPulse,планирование,s1gma,2025-11-07T16:00:00,2.7,110
199,DEVTOOLS-333,Панель мониторинга CloudPulse,автоматизация,hex22,2025-11-11T13:24:40,4.9,90
200,INFRA-104,Умная колонка EchoMini,инфра,sk1ff,2025-11-17T06:18:19,6.3,100
201,FEATURE-584,Приложение-ежедневник DayNote,разработка,k0t3,2025-11-20T20:05:11,8.6,95
202,FEATURE-585,Веб-документация DocHub,багфикс,v1per7,2025-11-24T12:31:44,3.4,80
203,FEATURE-586,Панель мониторинга CloudPulse,тестирование,neon6,2025-11-27T17:18:03,4.2,70
204,TECHSUP-141,Панель мониторинга CloudPulse,техподдержка,d2k7,2025-12-03T09:40:52,1.7,60
205,DEVLEAD-42,Веб-документация DocHub,планирование,s1gma,2025-12-08T11:10:00,3.0,110
206,DEVTOOLS-334,Веб-документация DocHub,автоматизация,n0mad6,2025-12-11T15:22:06,5.4,90
207,INFRA-105,Приложение-ежедневник DayNote,инфра,w4r1,2025-12-16T06:42:29,6.8,100
208,FEATURE-587,Умная колонка EchoMini,разработка,t3sla9,2025-12-20T21:55:10,10.2,95
209,FEATURE-588,Панель мониторинга CloudPulse,багфикс,r4nd0,2025-12-24T19:11:37,4.1,80
210,FEATURE-589,Веб-документация DocHub,блокер,sk1ff,2025-12-29T10:05:00,2.0,120
211,TECHSUP-142,Умная колонка EchoMini,техподдержка,f0xxy,2026-01-02T11:26:18,1.0,60
212,DEVLEAD-43,Приложение-ежедневник DayNote,планирование,s1gma,2026-01-07T18:15:00,2.9,110
213,DEVTOOLS-335,Приложение-ежедневник DayNote,автоматизация,b3rg5,2026-01-12T14:49:52,4.0,90
214,INFRA-106,Панель мониторинга CloudPulse,инфра,p0lar3,2026-01-17T05:58:04,7.6,100
215,FEATURE-590,Веб-документация DocHub,разработка,loki8,2026-01-21T20:32:27,8.1,95
216,FEATURE-591,Приложение-ежедневник DayNote,тестирование,yuki4,2026-01-25T16:09:15,4.4,70
217,FEATURE-592,Умная колонка EchoMini,багфикс,m1ra,2026-01-30T12:58:33,3.6,80
218,TECHSUP-143,Приложение-ежедневник DayNote,техподдержка,e1n5,2026-02-02T09:33:09,2.1,60
219,DEVLEAD-44,Умная колонка EchoMini,планирование,s1gma,2026-02-06T10:30:00,3.4,110
220,DEVTOOLS-336,Умная колонка EchoMini,автоматизация,hex22,2026-02-10T13:08:41,5.2,90
221,INFRA-107,Веб-документация DocHub,инфра,sk1ff,2026-02-14T06:25:30,5.9,100
222,FEATURE-593,Панель мониторинга CloudPulse,разработка,dev0n,2026-02-18T19:57:06,9.8,95
223,FEATURE-594,Веб-документация DocHub,блокер,w4r1,2026-02-22T09:45:00,1.5,120
224,FEATURE-595,Приложение-ежедневник DayNote,багфикс,v1per7,2026-02-27T18:36:22,4.0,80
225,TECHSUP-144,Веб-документация DocHub,техподдержка,q2w3,2026-03-03T10:15:47,1.2,60
226,DEVLEAD-45,Панель мониторинга CloudPulse,планирование,s1gma,2026-03-07T17:05:00,2.8,110
227,DEVTOOLS-337,Панель мониторинга CloudPulse,автоматизация,n0mad6,2026-03-11T14:22:55,4.7,90
228,INFRA-108,Приложение-ежедневник DayNote,инфра,p0lar3,2026-03-15T06:03:18,6.0,100
229,FEATURE-596,Умная колонка EchoMini,разработка,sparc9,2026-03-19T21:12:10,10.9,95
230,FEATURE-597,Панель мониторинга CloudPulse,тестирование,nova9,2026-03-23T16:41:09,3.6,70
231,FEATURE-598,Веб-документация DocHub,багфикс,b3rg5,2026-03-28T12:09:32,2.9,80
232,TECHSUP-145,Панель мониторинга CloudPulse,техподдержка,r1ver,2026-04-01T09:44:21,1.8,60
233,DEVLEAD-46,Веб-документация DocHub,планирование,s1gma,2026-04-05T12:00:00,3.1,110
234,DEVTOOLS-338,Веб-документация DocHub,автоматизация,hex22,2026-04-09T15:50:33,5.0,90
235,INFRA-109,Умная колонка EchoMini,инфра,sk1ff,2026-04-13T06:12:44,6.7,100
236,FEATURE-599,Приложение-ежедневник DayNote,разработка,k0t3,2026-04-17T20:28:18,9.2,95
237,FEATURE-600,Панель мониторинга CloudPulse,блокер,w4r1,2026-04-21T10:10:00,2.2,120
238,FEATURE-601,Умная колонка EchoMini,тестирование,bit77,2026-04-26T14:37:05,4.1,70
239,TECHSUP-146,Приложение-ежедневник DayNote,техподдержка,m1ra,2025-11-04T11:18:22,1.2,60
240,DEVTOOLS-339,Веб-документация DocHub,автоматизация,n0mad6,2025-11-09T15:42:10,5.6,90
241,INFRA-110,Панель мониторинга CloudPulse,инфра,p0lar3,2025-11-14T06:27:55,6.8,100
242,DEVLEAD-47,Умная колонка EchoMini,планирование,s1gma,2025-11-19T12:30:00,2.5,110
243,FEATURE-602,Веб-документация DocHub,багфикс,v1per7,2025-11-25T18:08:41,3.2,80
244,FEATURE-603,Приложение-ежедневник DayNote,тестирование,neon6,2025-11-30T14:55:19,4.1,70
245,TECHSUP-147,Панель мониторинга CloudPulse,техподдержка,q2w3,2025-12-02T10:06:33,1.6,60
246,FEATURE-604,Умная колонка EchoMini,разработка,t3sla9,2025-12-07T22:10:05,9.8,95
247,DEVTOOLS-340,Приложение-ежедневник DayNote,автоматизация,b3rg5,2025-12-12T13:20:09,4.4,90
248,INFRA-111,Веб-документация DocHub,инфра,w4r1,2025-12-18T06:10:40,5.9,100
249,DEVLEAD-48,Панель мониторинга CloudPulse,планирование,s1gma,2025-12-23T11:45:00,3.2,110
250,FEATURE-605,Панель мониторинга CloudPulse,блокер,sk1ff,2025-12-28T09:30:00,1.8,120
251,TECHSUP-148,Веб-документация DocHub,техподдержка,d2k7,2026-01-03T09:12:01,1.1,60
252,FEATURE-606,Приложение-ежедневник DayNote,багфикс,r4nd0,2026-01-08T19:34:22,4.6,80
253,DEVTOOLS-341,Панель мониторинга CloudPulse,автоматизация,hex22,2026-01-13T14:07:39,5.0,90
254,INFRA-112,Умная колонка EchoMini,инфра,p0lar3,2026-01-18T05:41:10,6.2,100
255,DEVLEAD-49,Веб-документация DocHub,планирование,s1gma,2026-01-23T16:10:00,2.6,110
256,FEATURE-607,Веб-документация DocHub,разработка,loki8,2026-01-28T21:22:47,8.7,95
257,TECHSUP-149,Умная колонка EchoMini,техподдержка,f0xxy,2026-02-02T10:28:15,1.5,60
258,FEATURE-608,Панель мониторинга CloudPulse,тестирование,nova9,2026-02-07T15:40:03,3.9,70
259,DEVTOOLS-342,Веб-документация DocHub,автоматизация,dev0n,2026-02-12T12:11:28,4.8,90
260,INFRA-113,Приложение-ежедневник DayNote,инфра,w4r1,2026-02-17T06:33:02,6.5,100
261,DEVLEAD-50,Умная колонка EchoMini,планирование,s1gma,2026-02-22T11:00:00,3.0,110
262,FEATURE-609,Приложение-ежедневник DayNote,блокер,sk1ff,2026-02-27T09:20:00,2.3,120
263,TECHSUP-150,Приложение-ежедневник DayNote,техподдержка,owl13,2026-03-04T10:02:44,1.9,60
264,FEATURE-610,Веб-документация DocHub,багфикс,b3rg5,2026-03-09T16:18:20,3.0,80
265,DEVTOOLS-343,Панель мониторинга CloudPulse,автоматизация,hex22,2026-03-14T14:44:08,5.5,90
266,INFRA-114,Веб-документация DocHub,инфра,p0lar3,2026-03-19T05:57:31,4.9,100
267,DEVLEAD-51,Приложение-ежедневник DayNote,планирование,s1gma,2026-03-24T12:15:00,2.7,110
268,FEATURE-611,Умная колонка EchoMini,разработка,sparc9,2026-03-29T21:06:12,11.4,95
269,TECHSUP-151,Панель мониторинга CloudPulse,техподдержка,r1ver,2026-04-03T09:35:27,1.0,60
270,FEATURE-612,Веб-документация DocHub,тестирование,yuki4,2026-04-08T16:52:09,4.6,70
271,DEVTOOLS-344,Приложение-ежедневник DayNote,автоматизация,n0mad6,2026-04-13T13:08:52,4.3,90
272,INFRA-115,Панель мониторинга CloudPulse,инфра,sk1ff,2026-04-18T06:22:14,7.1,100
273,DEVLEAD-52,Панель мониторинга CloudPulse,планирование,s1gma,2026-04-23T17:40:00,3.6,110
274,FEATURE-613,Приложение-ежедневник DayNote,багфикс,v1per7,2026-04-28T18:26:58,3.8,80
